date,avgF,minF,maxF
2026-03-18,47.35,42.46,53.13
2026-03-19,52.92,48,58.91
2026-03-20,55.96,50.38,62.31
2026-03-21,58.21,53.51,63.43
2026-03-22,59.27,54.01,64.9
2026-03-23,58.24,56.17,61.5
2026-03-24,54.64,52.16,57.16
2026-03-25,55.56,51.48,60.13
2026-03-26,60.19,55.85,65.61
2026-03-27,63.59,61.21,66.65
2026-03-28,57.29,55.49,61.88
2026-03-29,55.9,53.51,58.46
2026-03-30,57.99,54.55,62.47
2026-03-31,61.21,58.21,64.63
2026-04-01,61.25,59.29,63.45
2026-04-02,57.36,55.9,59.29
2026-04-03,58.39,55.6,61.68
2026-04-04,58.64,57.11,59.9
2026-04-05,55.69,53.1,58.1
2026-04-06,55.65,51.98,59.58
2026-04-07,57.34,54.3,60.44
2026-04-08,57.94,55,60.78
2026-04-09,59,56.08,62.13
2026-04-10,60.62,58.17,63.05
2026-04-11,57.87,56.28,62.06
2026-04-12,59.38,56.34,62.51
2026-04-13,62.64,60.91,65.14
2026-04-14,63.55,61.5,66.22
2026-04-15,63.59,60.85,65.93
2026-04-16,63.34,60.84,65.16
2026-04-17,62.24,59.18,65.39
2026-04-18,62.91,60.49,64.17
2026-04-19,58.86,56.3,61.07
2026-04-20,57.79,54.19,61.32
2026-04-21,60.13,56.95,63.39
2026-04-22,63.07,60.28,66.22
2026-04-23,63.66,62.46,64.92
2026-04-24,64.8,63.45,67.05
2026-04-25,63.54,60.66,66.43
2026-04-26,63.3,61.47,65.05
2026-04-27,59.65,58.5,61.47
2026-04-28,60.22,58.71,62.01
2026-04-29,58.41,56.37,60.55
2026-04-30,57.51,55.38,59.94
2026-05-01,56.55,55.72,57.58
2026-05-02,56.32,53.96,58.96
2026-05-03,57.78,54.41,61.88
2026-05-04,59.86,56.34,63.36
2026-05-05,62.53,59.18,66.36
2026-05-06,60.55,58.53,63.88
2026-05-07,57.49,56.25,58.73
2026-05-08,57.11,53.44,60.91
2026-05-09,60.08,57.54,63.36
2026-05-10,61.14,57.87,64.62
2026-05-11,61.18,59.5,63.07
2026-05-12,61.12,57.47,65.05
2026-05-13,63.91,60.66,67.46
2026-05-14,65.21,61.95,68.88
2026-05-15,66.2,63.54,68.99
2026-05-16,68.2,65.28,71.53
2026-05-17,69.78,66.61,73.08
2026-05-18,71.2,68.92,73.49
2026-05-19,69.19,64.87,71.87
2026-05-20,62.74,60.08,64.96
2026-05-21,62.64,60.1,65.26
2026-05-22,63.39,62.2,64.2
2026-05-23,63.88,62.53,65.77
2026-05-24,62.17,60.55,63.86
2026-05-25,64.56,60.66,69.1
2026-05-26,68.05,65.01,71.67
2026-05-27,68.95,66.42,71.62
2026-05-28,68.77,66.96,70.07
2026-05-29,67.86,67.32,68.99
2026-05-30,68.92,66.47,72.23
2026-05-31,70.79,68.54,73.31
2026-06-01,71.67,69.1,74.91
2026-06-02,72.21,69.84,75
2026-06-03,71.06,68.79,74.05
2026-06-04,72.61,71.01,74.84
2026-06-05,71.02,68.58,73.27
2026-06-06,73.11,70.23,76.42
2026-06-07,72.5,71.15,73.69
2026-06-08,73.45,70.9,76.68
2026-06-09,75.76,73.02,79.29
2026-06-10,75.96,73.92,78.71
2026-06-11,75.74,73.08,78.73
2026-06-12,74.91,73.15,76.75
2026-06-13,72.34,69.75,74.28
2026-06-14,73.99,72.03,77.36
2026-06-15,71.35,69.48,73.33
2026-06-16,71.11,68.7,73.8
2026-06-17,72.46,69.48,75.96
2026-06-18,74.12,71.78,77.22
2026-06-19,73.63,71.91,75.87
2026-06-20,72.61,70.7,74.88
2026-06-21,73.54,70.9,76.37
2026-06-22,73.38,70.57,76.84
2026-06-23,73.89,72.23,75.58
2026-06-24,72.41,70.68,74.14
2026-06-25,73.8,71.44,76.93
2026-06-26,71.94,68.38,74.52
2026-06-27,73.02,71.46,75.11
2026-06-28,74.75,72.12,77.65
2026-06-29,76.17,73.72,78.73
2026-06-30,76.68,74.88,78.53
2026-07-01,75.36,74.34,76.75
2026-07-02,75.11,73.42,77.25
2026-07-03,75.94,74.28,78.17
2026-07-04,76.51,74.26,79.16
2026-07-05,76.26,73.42,78.73
2026-07-06,76.44,73.47,79.65
2026-07-07,77.32,74.5,80.35
2026-07-08,77.79,75.22,80.53
2026-07-09,78.17,75.81,80.8
2026-07-10,78.96,76.71,81.95
2026-07-11,78.49,75.94,81.25
2026-07-12,78.96,76.5,81.84
2026-07-13,78.87,76.32,81.75
2026-07-14,78.4,75.4,81.59
2026-07-15,77.86,75.16,80.58
2026-07-16,78.44,75.09,82.35
2026-07-17,79,76.46,82.18
2026-07-18,78.78,76.1,81.81
2026-07-19,79.86,76.46,83.98
2026-07-20,80.74,77.63,84.09
2026-07-21,81.61,78.28,85.41
2026-07-22,81.73,79.2,84.72
2026-07-23,80.73,78.08,83.89
2026-07-24,79.9,77.05,83.21
2026-07-25,80.78,78.21,83.84
2026-07-26,82.72,79.61,86.4
2026-07-27,83.16,80.49,85.82
2026-07-28,82.98,80.13,85.87
2026-07-29,83.79,81.68,86.5
2026-07-30,83.26,81.16,85.77
2026-07-31,83.32,80.73,86.14
2026-08-01,82.87,80.62,85.51
2026-08-02,80.62,77.92,83.73
2026-08-03,79.7,76.14,83.66
2026-08-04,80.11,77.29,83.16
2026-08-05,79.92,78.66,81.37
2026-08-06,77.79,75.47,80.28
2026-08-07,78.13,76.19,80.96
2026-08-08,78.66,75.81,81.84
2026-08-09,79.43,76.53,82.44
2026-08-10,80.28,77.54,83.14
2026-08-11,80.76,78.26,83.37
2026-08-12,81.54,78.89,84.31
2026-08-13,82.4,79.48,85.5
2026-08-14,83.16,80.51,85.98
2026-08-15,83.23,80.82,86.04
2026-08-16,82.27,79.97,84.88
2026-08-17,81.25,78.69,83.86
2026-08-18,80.71,78.26,83.68
2026-08-19,81.01,77.94,84.13
2026-08-20,81.16,79.02,83.43
2026-08-21,81.25,78.19,84.78
2026-08-22,81.54,78.51,84.67
2026-08-23,81.41,78.93,84.38
2026-08-24,80.11,78.13,82.33
2026-08-25,80.65,77.41,84.54
2026-08-26,77.41,72.93,81.54
2026-08-27,78.08,75.27,81.52
2026-08-28,78.89,76.17,81.9
2026-08-29,78.64,76.12,81.39
2026-08-30,78.24,75.27,81.1
2026-08-31,79.5,76.48,82.76
2026-09-01,80.67,78.06,83.7
2026-09-02,80.69,77.77,83.68
2026-09-03,80.91,77.85,83.97
2026-09-04,82,79.21,85.08
2026-09-05,82.87,80.15,85.84
2026-09-06,82.72,80.65,85.17
2026-09-07,80.33,78.8,81.79
2026-09-08,80.56,77.58,83.84
2026-09-09,82.22,79.21,85.64
2026-09-10,81.39,80.11,82.98
2026-09-11,79.74,78.01,82.08
2026-09-12,78.48,75.38,81.66
2026-09-13,79.23,76.62,82.71